<?xml version="1.0" encoding="UTF-8"?>
<project-private xmlns="http://www.netbeans.org/ns/project-private/1">
    <editor-bookmarks xmlns="http://www.netbeans.org/ns/editor-bookmarks/2" lastBookmarkId="0"/>
    <open-files xmlns="http://www.netbeans.org/ns/projectui-open-files/2">
        <group>
            <file>file:/C:/Users/vik/Documents/NetBeansProjects/Registro/src/componentes/TipoHabitacion.java</file>
            <file>file:/C:/Users/vik/Documents/NetBeansProjects/Registro/src/alojamiento/Hotel.java</file>
            <file>file:/C:/Users/vik/Documents/NetBeansProjects/Registro/src/componentes/Reservacion.java</file>
            <file>file:/C:/Users/vik/Documents/NetBeansProjects/Registro/src/registro/Registro.java</file>
            <file>file:/C:/Users/vik/Documents/NetBeansProjects/Registro/src/componentes/TipoVista.java</file>
            <file>file:/C:/Users/vik/Documents/NetBeansProjects/Registro/src/utilidades/Util.java</file>
        </group>
    </open-files>
</project-private>